Cluster,Carbs,Workout_Type,Height (m),Water_Intake (liters),Proteins,Calories_Burned
0,215.05072,1.5112449799196788,1.7186515,2.6177077,86.0286,1285.195
1,307.0451,1.5095364238410596,1.7304186,2.6436093,122.82247,1271.7239
